,Aroma,Appearance,Flavor,Mouthfeel,Overall
0,0.21373326564550482,0.2766115959575388,0.23708424855431998,0.2304423438422713,0.24290259068074593
2,0.5207804275896947,0.570827383482597,0.5452382295103219,0.5094830407957945,0.5593522703196558
1,0.8204577904480665,0.8216874415200237,0.8326342872167792,0.7993275872510295,0.8352936932052923
